Provedor,Máquina (GPUs),Preço por Hora (BRL),Preço Mensal (24/7) (BRL)
AWS EC2,4x A100 80GB,152.5,109800.0
Lambda Labs,4x A100 80GB,73.19999999999999,51850.0
RunPod,2x A100 80GB,36.599999999999994,27450.0
Google Cloud,TPU v4-256,244.0,183000.0
